{
  "cli": {
    "version": ">= 5.9.0",
    "appVersionSource": "remote"
  },
  "build": {
    "development": {
      "developmentClient": true,
      "distribution": "internal"
    },
    "preview": {
      "distribution": "internal",
      "android": {
        "buildType": "apk"
      },
      "env": {
        "NODE_ENV": "production"
      }
    },
    "production": {
      "android": {
        "buildType": "apk"
      }
    }
  },
  "submit": {
    "production": {
      "ios": {
        "appleId": "sakeer@printechs.com",
        "ascAppId": "6754874820",
        "appleTeamId": "F5QDGEAY77"
      },
      "android": {}
    }
  }
}
